patient	LMPP	MEP	HSC	ProgDC	Mono	GMP	cDC2	pDC
12-00023	0.141560791845318	0.0645185409878828	0.0911006489477351	0.00605284307711174	0.389064843578303	0.0565693278114316	0.251133003752219	0
12-00051	0.535372765441672	0.22675885903559	0.1401358346312	0.00867641507989103	0.014765282412913	0.0317732138367275	0	0.0425176295620071
12-00066	0.0896526612812663	0.0742139250055863	0.0527935173638779	0.00637660113504614	0.371885513492146	0.405077781722078	0	0
12-00150	0.209949164113465	0.116751091878856	0.128481355420071	0.270492194210843	0.0367746468663078	0.210272536291337	0	0.0272790112191192
12-00211	0.65794017417368	0.129309118508785	0.0701286605102908	0.0258843685735095	0.0276757938098897	0.0735759705972589	0	0.0154859138265868
12-00258	0.1328519486818	0.0279596039710579	0	0	0.200988904800011	0.0845897370918622	0.553609805455269	0
12-00294	0.359628140498346	0.025277182658882	0.406298337908728	0.0243544643698256	0.0155590900048562	0	0.157914695486819	0.0109680890725427
12-00301	0.210593630391399	0.0763781160171466	0.2482999813552	0.0573499020366639	0.39496166219755	0.00810198986646151	0	0.00431471813557846
12-00372	0.351697080195875	0.203370402620398	0.183756866637551	0	0.010185148105078	0.155196524399076	0.0722341928329922	0.0235597852090298
12-00423	0.152555032852831	0.435438747449234	0.203794201852528	0	0.0282888017300324	0.151019208062737	0.0230495849203881	0.0058544231322493
12-00426	0.426819660267894	0.121991951289556	0.277656487500389	0.0586456869395929	0.0515545559258738	0.0519031291835321	0	0.0114285288931623
13-00007	0.645979703934369	0.095672647908459	0.0562225429134664	0.131819950493489	0.0174093036885055	0.0386788038336698	0	0.0142170472280415
13-00028	0.441893591568564	0.139481875333974	0.221625749786652	0.0979441121413749	0.0479470299171001	0.0319925875980466	0.00431825847884812	0.0147967951754399
13-00034	0.0368108541821403	0.0320065591021124	0.0263205199684374	0	0.00410763020868084	0.527449296470004	0.373305140068625	0
13-00098	0.646640243966632	0.0783143660848894	0.03830422168132	0	0.0214048493370524	0.168673356570327	0	0.0466629623597793
13-00118	0.408837162698005	0.174530099163376	0.0323328755286583	0	0.0399917956925298	0.222509991359884	0.119031292705903	0.00276678285164319
13-00123	0.0840846756959468	0.0457528691683054	0	0	0.325007756352016	0	0.545154698783732	0
13-00145	0.370795492341029	0.0893339829641498	0.394166673768027	0.0489352696135227	0.0657508914737581	0.0158675790610853	0	0.0151501107784283
13-00146	0.461844576031851	0.0409152628620057	0.122030628044447	0	0.0063990835221078	0.354809876384805	0	0.0140005731547845
13-00147	0.46212307644012	0.134860437034068	0.145084423045279	0.0318014870645668	0.165144645175729	0.0408759450809982	0	0.0201099861592387
13-00149	0.447462331379204	0.318284686968621	0.0750226847797115	0.0209057774663495	0.0112919130247309	0.0222846505996674	0.101180412275879	0.00356754350583688
13-00150	0.249956532869308	0.0263481815219111	0.516796144932425	0.0491588206352965	0.124694002228498	0.013289792885903	0	0.0197565249266591
13-00157	0.323911006089803	0.0973746677650735	0.203327329251592	0.0124637713666384	0.14712600562938	0.0885388808681467	0.125038218295948	0.00222012073341807
13-00160	0	0.360991576026057	0.073104209355057	0.0763400831501459	0.237371541655982	0.252192589812758	0	0
13-00163	0.133129263335361	0.0562034602187689	0.127998808776064	0.000309229932785621	0.253533640489502	0.414706602497172	0.0117637485357917	0.00235524621455484
13-00165	0.590041924937177	0.153254236347752	0.124064566683368	0.0436981326838897	0.0413210604159568	0.0310749383483886	0	0.016545140583468
13-00166	0.32265521834981	0.0902879987945482	0.534434708546102	0.0268106200318128	0.0170575858943496	0.00389238761036704	0	0.00486148077301106
13-00186	0.26858168183212	0.103939663818549	0.263544928515536	0.0577120406064872	0.225812818733103	0.0550440483852942	0.0107340434428977	0.0146307746660133
13-00195	0.253745416123706	0.0489068770595169	0	0	0.267582784163524	0.0103127585413501	0.419452164111904	0
13-00232	0.303378391406623	0.219740933987721	0.131672509805321	0.0107059252173152	0.12047543335784	0.0987645182186803	0.115262288006498	0
13-00245	0.0807306205642776	0.0538363519200125	0.143653174681146	0	0.365399244771576	0.356380608062988	0	0
13-00255	0.100500994141634	0.0543681051440742	0.124175212725409	0	0.49675328146367	0.000895112125592717	0.22330729439962	0
13-00260	0.333515708915546	0.0919283762430245	0.324053303447352	0	0.0820780406146509	0.163224196785795	0	0.00520037399363196
13-00262	0.419751187824234	0.159066411069581	0.32913793301558	0.0114294049458688	0.0201255686812831	0.0269688752167817	0	0.0335206192466716
13-00266	0.117240833250119	0.0484359608433715	0.379685596263835	0.0568595898518974	0.277975344310934	0.11707652617276	0	0.00272614930708331
13-00281	0.359671866362719	0.339794134516581	0.170285162457194	0.0187006783558649	0.0498255987286076	0.0487467792733712	0	0.012975780305662
13-00331	0.50929614003851	0.0290838129221886	0.320447597835999	0.0557270518309555	0.0263136753669411	0.0377687113903711	0	0.0213630106150345
13-00353	0.20714656698257	0.132875856394025	0	0.16796638967893	0.154543909254418	0.0589273436504896	0.278539934039567	0
13-00354	0.253356708524521	0.141409097130687	0.311168066379259	0	0.0728475053861919	0.0145232235637742	0.14667597119041	0.0600194278251566
13-00365	0.225094018015403	0.35491856392535	0.144286310465058	0.0587759925043987	0.0537756600818668	0.0937604963772289	0	0.0693889586306952
13-00393	0.0275566280763534	0.483069607130532	0.146146875056143	0	0.155442987033233	0.187783902703738	0	0
13-00396	0.134605432850459	0.174300752910324	0.135716684880452	0.0433736331186123	0.351877121747299	0.0244096558731961	0.135716718619659	0
13-00406	0.203996298743587	0.0699903840630517	0	0.0247283723306374	0.19161315222994	0.00994620774903921	0.499725584883745	0
13-00420	0.0790808446329533	0.282154669124736	0.0347436802748	0.0933003134430193	0.153137112567142	0.138528855934039	0.190725295573061	0.0283292284502493
13-00425	0.225599874664815	0.0387156062029109	0.0152473651797425	0.22058449597626	0.00729008909401783	0	0.476135646017295	0.0164269228649592
13-00450	0.495734277118447	0.219487770703614	0.206776212711236	0.02285639202007	0.0247695172093966	0.00754739511494832	0	0.022828435122288
13-00454	0.065286464862331	0.0587107113835492	0.456905874071269	0.0455045168381554	0.234157990810408	0.0504623367598187	0	0.0889721052744691
13-00468	0.0769521500295227	0.115241457843155	0.129868112593597	0.0391986227943553	0.366664526884218	0.272075129855152	0	0
13-00487	0.23546347661378	0.0676840432033573	0.126829427838455	0.0273760085411835	0.184450669293382	0.131580623344527	0.215905132213185	0.0107106189521293
13-00500	0.167677699096733	0.0381740251261808	0.504209170677666	0.123709862514743	0.0986891555043541	0.0179851608177675	0	0.0495549262625559
13-00513	0.148567375018814	0.0581958261350798	0	0.219127048261035	0	0.320449931229733	0.250469572550057	0.00319024680528145
13-00515	0.178416610566686	0.101853990532617	0.311480038032309	0.015103745115319	0.228253012721695	0.0651982426906796	0.0508325104419872	0.0488618498987072
13-00544	0.241376703842538	0.266534085969773	0.235567079038322	0	0.0662545921124227	0.186928475401536	0	0.00333906363540733
13-00545	0.340458564474159	0.0851565389904877	0.463181464364957	0.0235986420479245	0.0528904869958498	0.0172299274633815	0	0.0174843756632407
13-00546	0.379362236103828	0.0604624975875539	0.48133410054194	0.00715271455696495	0.0194006813723929	0.00259299534079698	0.0285781679049554	0.0211166065915682
13-00551	0.0656714780563404	0.069486019157421	0.271085421953246	0.0543399715202904	0.516154232468969	0.0193744010791184	0	0.00388847576461447
13-00552	0.0810765230188044	0.0571709224796206	0.496022964367164	0.0448835549814897	0.303455629538303	0.00581842395522822	0	0.0115719816593906
13-00557	0.172113957633484	0.0974007436774403	0.201564303247312	0.0132238557748364	0.167635199487237	0.340985169346886	0	0.00707677083280509
13-00558	0.15153725585885	0.144279819248192	0.188455517690146	0.00585869997330449	0.17867982584829	0.329164073766885	0	0.00202480761433259
13-00573	0.121223183980449	0.0412186582474402	0.0515002342999443	0	0.466037159102432	0	0.305893826329317	0.0141269380404175
13-00578	0.419240549692281	0.161439753428137	0.16804698954287	0.0270645061254687	0.191363960380437	0.027801709951663	0	0.00504253087914369
13-00581	0.413114029769523	0.292870854638703	0.0591412827244493	0.0477474298068096	0.0676734282293809	0.108299484354927	0	0.0111534904762077
13-00593	0.289809809212199	0.195913095751948	0.237457809693068	0.0212005662339056	0.122443593102214	0.0473499049384793	0.0781038072753739	0.00772141379281368
13-00601	0.0759826253023195	0.208737778921599	0.0547024362844495	0.0308944482236438	0.297073379768834	0.332609331499154	0	0
13-00602	0.178314005471547	0.0772901959330429	0.146931986148042	0.0311269298496107	0.527616142073734	0.00154089092862595	0.00690566304737491	0.0302741865480219
13-00615	0.26890457247247	0.122137146617454	0.250806726989856	0.0182974787398342	0.0972065408157691	0.236378291399134	0	0.00626924296548275
13-00650	0.493746084158933	0.0502848904256105	0.389595235852362	0.0150910401092301	0.0116413448495287	0.0255918982337572	0	0.0140495063705779
13-00655	0.120298040187498	0.0483564254296329	0	0.11705806987265	0	0.10864360395813	0.60564386055209	0
13-00658	0.390361437696511	0.185278925162261	0.0614921069455345	0	0.0434390249846874	0.230454196636514	0.0862935610609274	0.00268074751356576
14-00015	0.240363359345935	0.0380508019564007	0	0.345272648853353	0.0166111828938785	0.04989757589101	0.301618966623582	0.0081854644358413
14-00021	0.0815733782080434	0.204198159907892	0.281927159344428	0.0035997501154183	0.290532234746691	0.138169317677527	0	0
14-00023	0.0582710130530609	0.182728914263801	0.0230004889766008	0	0.500539898093256	0.00254451162123632	0.232915173992045	0
14-00034	0.25391839376406	0.454796316225223	0.210902960888611	0.0176144953811415	0.0259982183391035	0.0322220786044023	0	0.00454753679745941
14-00041	0.00860866604662436	0.57101294272027	0.142117682400648	0.0108892728273179	0.172819379111921	0.0660945824812168	0	0.0284574744120026
14-00044	0.477290748596953	0.0286700103368818	0.406531527991801	0.0293752753860533	0.0206481372327732	0.0197730356865345	0	0.0177112647690032
14-00045	0.460863771982229	0.06477938383518	0.338871964044906	0.0188155858699982	0.0648816600491766	0.0378156641727567	0	0.0139719700457533
14-00061	0.274244773671075	0.030265994675901	0.313388605988286	0.0673506953842407	0.0140057721938927	0	0.275159973616008	0.0255841844705974
14-00083	0.600542605317767	0.0880219276322913	0	0.139257459609797	0.0166897861321829	0.129627379060036	0	0.0258608422479257
14-00092	0.227196307656311	0.281201817304881	0.0267993982337143	0.0774932912847603	0.301152512298851	0.0861566732214818	0	0
14-00125	0.236160890255542	0.0826463596216517	0.213504624380623	0.0100477056298137	0.173155264386563	0.284485155725806	0	0
14-00126	0.170794543757878	0.0400241192864372	0.0289513806147661	0	0.258105141138342	0.440400345520822	0.0617244696817548	0
14-00127	0.16687207502927	0.0344502168235007	0.644190519620462	0.0121355851718299	0.00266392991447251	0.0894542352918813	0.0417435728620959	0.00848986528648757
14-00135	0.0463105317291952	0.0563156967177952	0.331271781761891	0.117141654447473	0.297690829336786	0.147359557358534	0	0.00390994864832548
14-00141	0.43835458369423	0.073845919146075	0.418981348281275	0.00790829281443145	0.0196920696028656	0.0244704166340987	0	0.016747369827024
14-00193	0.41154405886493	0.125431021450662	0.0997026672092784	0.046908655221397	0.245274788692542	0.0152208427909966	0	0.0559179657701939
14-00228	0.520768835800813	0.104094281978065	0.0308019833520603	0.0435932085355259	0.239812975241609	0.0541919185802712	0.00135874195688256	0.00537805455477333
14-00231	0.275468718220645	0.073428051795952	0	0.209846641028066	0.257000024332999	0.0324905069702321	0.14444504388244	0.00732101376966626
14-00240	0.0989635335963727	0.223173342469047	0.112762272657554	0.0414912775784665	0.382706660232819	0.0196847751351678	0	0.121218138330573
14-00259	0.218741739429571	0.0533769928018724	0	0	0.424377758503644	0.0901910961434607	0.213312413121451	0
14-00279	0.222450246364702	0.0539100776558481	0.0462821409571903	0.0795989945558181	0.28023683044192	0.185576057953766	0.113664475619738	0.0182811764510163
14-00289	0.0316924264968753	0.457500456392715	0.110942367297724	0.196251529635501	0.155154887976636	0.0484583322005478	0	0
14-00359	0.124697152055461	0.0917675292937881	0.159466075734909	0.0230662041995925	0.257438970521867	0.106359610539439	0.237181435639475	2.30220154679568e-05
14-00376	0.229521147371006	0.109945780174655	0.0670788353606341	0.0949029765960905	0.121817982622504	0.369846479074598	0	0.00688679880051261
14-00423	0.194199484913506	0.0376272943293605	0.326714244561607	0	0.26341169152497	0.0386928412358419	0.12710351954753	0.0122509238871852
14-00434	0.324936897214631	0.0341441026592132	0	0	0	0.0891241331605494	0.546959890716516	0.00483497624909123
14-00447	0.221697510075892	0.0305446298156654	0	0.338642224919327	0.00886029342126599	0.0366308262954484	0.360785679190882	0.00283883628151933
14-00448	0.257208818539665	0.289198341358065	0.355936852198645	0.00292105314761545	0.0197504050436869	0.0528834147087904	0	0.0221011150035329
14-00464	0.352231169669382	0.142964912434862	0.214621747544636	0.0131176036530934	0.0180548100342054	0.228917582574235	0.00679255927855223	0.0232996148110341
14-00495	0.465642327306355	0.0286590258500481	0.373842018227864	0.0261130632412345	0.0708583006367936	0.0110141357340394	0	0.0238711290036651
14-00504	0.229615060016704	0.0233122599470381	0	0.160720692589539	0.0010753365218069	0.0019807437412484	0.538277774146242	0.0450181330374219
14-00514	0.091812352768426	0.0634205262179486	0.319285312509128	0	0.193287497697343	0.332194310807154	0	0
14-00528	0.204409646524372	0.0294259394278927	0.033591938857853	0.241616753280518	0.252982610786494	0.0178204879371318	0.174915206340173	0.0452374168455662
14-00537	0.0698609490312017	0.0336587992700977	0.0142333845330689	0	0.636661831646252	0	0.240500277840511	0.00508475767886915
14-00559	0.0914363402729136	0.12259181495742	0.0243094567004606	0.0431132348623127	0.199477243496456	0.13850862722759	0.377557498015996	0.00300578446685235
14-00567	0.509698306154851	0.0728040415054166	0.274440275186456	0.0321520727873083	0.030477927007858	0.0538069082716208	0	0.0266204690864894
14-00578	0.509080784605631	0.0805342995522549	0.0623947453552303	0.0659518531879897	0.00586313324387136	0.106940124992104	0.156179147019938	0.0130559120429814
14-00581	0.0321238759009849	0.142511123799283	0.264770956663963	0.058947858735437	0.332093193899538	0.169552991000794	0	0
14-00608	0.0147883358402755	0.0340242035264354	0.0864225167428558	0.0502962606170264	0.482621044830243	0.330047315451828	0	0.00180032299133701
14-00613	0.124039903468492	0.0393453372478982	0.465853504727905	0.0225685593256799	0.193490635812554	0.0946342816432428	0.002056647438157	0.0580111303360712
14-00618	0.286566108806886	0.261402414931874	0.177782178541749	0	0.0909589697752022	0.178216202945034	0	0.00507412499925427
14-00643	0.178542007833378	0.0671162993504941	0.204482225014992	0	0.101361367187445	0.44849810061369	0	0
14-00658	0.558527871282455	0.104780251514695	0.0823622758191495	0.00567221845520754	0.0310781688471634	0.191339051085287	0	0.0262401629960426
14-00670	0.0632368818716353	0.0987558956412418	0.133359029112478	0	0.196434668441587	0.508213524933058	0	0
14-00672	0.0338082814646806	0.576498939216728	0.130144965259313	0.0469215892640959	0.122552447246934	0.086846830739408	0	0.00322694680884072
14-00676	0	0.706058051116587	0.120634132657393	0.0336897662955755	0.0933889107103073	0.0459450722059225	0	0.000284067014215261
14-00712	0.0302276100622718	0.291404014014196	0.0880765457936542	0.0952118094245671	0.256160703333327	0.238919317371983	0	0
14-00739	0.231833226246148	0.0997788474353132	0.261154555199266	0.108791917113796	0.183200262887115	0.115241191118361	0	0
14-00774	0.228636317220311	0.109724247497527	0.576172877458203	0.0450595330758048	0.0251035333851173	0.00692249736306483	0	0.00838099399997245
14-00780	0.0372778597461355	0.45815760091641	0.265164214359194	0.0496582431555633	0.114556583227557	0.0704711414484123	0	0.00471435714672811
14-00781	0.0684385963993727	0.0597639636374221	0	0.0451966043781463	0.0859750139468734	0.402647551698755	0.33797826993943	0
14-00787	0.346168460439321	0.397590216910572	0.172060972749225	0.0143268723076862	0.0116313915339869	0.0042628951021964	0.0504371645709203	0.00352202638609308
14-00798	0.119495859743067	0.0518789950526722	0.066384898048471	0.00100758043112857	0.384794637306065	0.039343620393449	0.337094409025148	0
14-00800	0.188932615034713	0.38225378952251	0	0.0893585457669922	0.0679060364071593	0.0389170457103034	0.230585358559062	0.00204660899926046
14-00815	0.0241195895273011	0.536874652346076	0.101329153287109	0.0223493242936814	0.0701802308880163	0.237286176447568	0	0.00786087321024918
14-00817	0.564880117820625	0.0512696683486329	0.00526456422082096	0.0640338195409969	0.0938313504647747	0.0632577299857462	0.157462749618404	0
14-00832	0.116151885965287	0.0675165243977094	0.277822847936259	0	0.261553422393891	0.229418618855029	0.0417310667816028	0.0058056336702228
14-00901	0.157863736300797	0.0750612544798254	0.68064616529022	0.0661098402883028	0.00874791004183651	0	0.000239568046670612	0.0113315255523482
15-00043	0.0196740449675001	0.0639948320155094	0.0614285671180455	0.0543484061912768	0.672614444913585	0.127811102577191	0	0.000128602216892452
15-00045	0.0952535149492757	0.0756634725382606	0.158952362120837	0.0406299505823178	0.38916421055851	0.201929074816699	0.0384074144340996	0
15-00051	0.710438234704963	0.0530408552388034	0	0	0.00948343769182416	0.173160034187507	0.0406792421392554	0.0131981960376463
15-00057	0.132210761755403	0.372360501211756	0.307501178885326	0	0.155136110057536	0.0133619195075643	0.00387155324554921	0.0155579753368663
15-00075	0.0701083712509945	0.492854333940923	0.348707808409577	0.0403795848881957	0.0272330020865199	0.0109789328811544	0	0.00973796654263578
15-00084	0.0650485212875886	0.0962357783350005	0.226672457577213	0.0880025354475252	0.345976177575595	0.178064529777078	0	0
15-00123	0.529240175192188	0.139885597627812	0.157064406194513	0.00187640707358548	0.0316287000302406	0.0973761634437473	0.0278685595042279	0.0150599909336857
15-00147	0.14485837385938	0.513782010095188	0.311844904114779	0.00858798053478486	0.00924061891146529	0.00634528057653283	0	0.00534083190786943
15-00169	0.0766770731354037	0.253947928533377	0.121127635401718	0.0610904297608261	0.193672036243927	0.28829455822085	0	0.00519033870389792
15-00171	0.343977677441614	0.0160228778211809	0.445597959991995	0.0995181213650381	0.0650148288863832	0.00944650764531757	0	0.0204220268484713
15-00175	0.18618353139145	0.0732902735424057	0.619809992155564	0.0716811145010587	0.0292047048885893	0.00493838690310038	0.00322099129892832	0.0116710053189039
15-00237	0.578976866910935	0.0722856383100143	0.143460392555469	0.0464509070048667	0.0185028570607391	0.0932633521501351	0.0350048358001232	0.0120551502077175
15-00248	0.445307475090873	0.276990072651184	0	0.0408809276871008	0.0463819674780548	0.0604734229733457	0.113143166931275	0.0168229671881657
15-00261	0.169897733197275	0.0989746801009042	0.385404417380258	0	0.0956239131362291	0	0.244014139068953	0.00608511711638016
15-00269	0.353319582857895	0.212930896019633	0.173639471488568	0.0223233988791018	0.14493949469379	0.0713912088431526	0	0.0214559472178589
15-00275	0.0122466417805983	0.332662192884834	0.0976081464390763	0.0207391391577043	0.444987589172948	0.0666330486042641	0	0.0251232419605755
15-00276	0.338655476481441	0.103931517583076	0.108138937852506	0.0539465859381777	0.1861602247388	0.110341513421869	0.0941873206972019	0.00463842328692794
15-00279	0.0991110495248678	0.0306743312699421	0.000604046168639979	0	0.548980933129721	0	0.320629639906829	0
15-00287	0.402238275157539	0.163225788993249	0.273573813506397	0.0389082440560924	0.076283904494043	0.00869625890053733	0.0229841203817209	0.0140895945104217
15-00296	0.150150171834473	0.0718903397989403	0	0.0627151533191135	0	0.22785109409303	0.486868362559196	0.000524878395246898
15-00300	0.0575155017260624	0.443017653928094	0.0930750772623701	0.0298638409978491	0.242405971211344	0.130365934239678	0	0.00375602063460237
15-00302	0.474209647796479	0.0751345964599829	0	0.0337782020676774	0.029175290564896	0.362147188059416	0	0.025555075051548
15-00371	0.108660148489598	0.209145566402036	0.119505910657863	0.0697843321110965	0.211144072341279	0.278351092532257	0	0.00340887746586997
15-00377	0.462445976335383	0.196560965852478	0.107905281984058	0.048507417317894	0.0847161864606911	0.0945771210864083	0.00528705096308805	0
15-00383	0.091051647408607	0.138296540613768	0.18877194361647	0.048883606882355	0.171160717961338	0.350743505910791	0	0.011092037606672
15-00417	0.237791980540364	0.144149141274087	0.183893482117842	0	0.0555023773439181	0.336775041614108	0.0165730757434556	0.0253149013662255
15-00464	0.0466601710247889	0.268593280315946	0.327827701642696	0.0913974550250515	0.143486527853601	0.114526401121393	0	0.00750846301652392
15-00471	0.441610882965298	0.199483845380008	0.208929310439863	0.00463578578576337	0.0656544074167678	0.0102211483006807	0.0620901952440629	0.00737442446755628
15-00482	0.52473978516872	0.167252887999053	0.0587603517396545	0.0090247260792738	0.0394951618169875	0.0799833404102259	0.112499073183506	0.0082446736025797
15-00534	0.092119870962864	0.073479560323634	0.0571259054824712	0.0913295684819503	0.152061098565811	0.521898001822354	0	0.0119859943609161
15-00539	0.045197874218986	0.0181652654516236	0.320524008615266	0.0416635774438646	0.525096896432349	0.00970567517598038	0	0.0396467026619307
15-00556	0.430144365588088	0.182643894279399	0.224971063541024	0.0606805600794006	0.0335424253429686	0.0508938822721991	0	0.0171238088969209
15-00559	0.117705839872997	0.123202638949485	0.307417838332971	0.05663144800768	0.286821622390454	0.0832478139909058	0	0.0249727984555069
15-00563	0.222691866774808	0.0377653145763675	0	0.0902964712196454	0	0.00405188663067491	0.643035310523298	0.00215915027520631
15-00578	0.245420113533158	0.0276163468977309	0	0.152531569847147	0	0	0.573523873242686	0.000908096479277268
15-00593	0.365714283961046	0.15321206216543	0.238413218207799	0.0257468693878248	0.0960244383410259	0.0979460078085953	0.0128725113010053	0.0100706088272751
15-00608	0.0698847061107607	0.391925677621964	0.478223053065265	0.00784201795740384	0.0321452602578073	0.00198869631240431	0	0.0179905886743949
15-00610	0.162247211942144	0.0983175649853491	0.111502558715911	0.03834732354101	0.221031998427059	0.325345590087657	0	0.04320775230087
15-00614	0.248236988952391	0.246054750918625	0.387120802277388	0.0705204297093125	0.0128960817442307	0.027281166940834	0	0.0078897794572186
15-00615	0.440987207059031	0.133470115612671	0.00407032813883416	0	0.0141889486910305	0.287520886900474	0.115675872104102	0.00408664149385796
15-00616	0.0831168360786317	0.34302914488552	0.18351624883864	0.0602857527746881	0.157602922962997	0.166433622139464	0	0.00601547232005993
15-00633	0.0671154070062	0.0792462097122422	0.0456425152489103	0.0264385725087725	0.526006608979428	0	0.255550686544447	0
15-00650	0.0958160175850984	0.108700802022374	0.226642899256439	0.0993978611991427	0.389773137906585	0.0796692820303607	0	0
15-00653	0.398521477539641	0.0285374382082338	0.120283422943205	0.0278858125237539	0.174789115418191	0.225126420048416	0	0.0248563133185591
15-00670	0.551456235260015	0.048817500175705	0.36468981997171	0.00632243077863627	0.0107242660891797	0.0105536592924393	0	0.00743608843231485
15-00680	0.361520218895326	0.0805260151046896	0	0	0.0846902592021817	0.12644917945034	0.346814327347463	0
15-00688	0.276814828322019	0.166321942132036	0.226085474253111	0.101966002857776	0.0772286506206837	0.102950677585527	0.0386621718402579	0.00997025238859007
15-00692	0.168112289774846	0.651398377002773	0.128674001418543	0.0162872643185586	0.0096529438979112	0.0200897859291317	5.75652062776204e-05	0.00572777245195975
15-00693	0.165180815350798	0.0324696246582164	0.145614227260468	0	0.1641602755737	0	0.45578071663033	0.0367943405264879
15-00701	0.281177909564527	0.0680450683994874	0.0575373169286413	0	0.0671292613037049	0.0382293036396225	0.467285175440848	0.0205959647231687
15-00702	0.152172976974114	0.0537540397633926	0.340684058419959	0.0393876781755668	0.193428933911255	0.192877149563736	0.0104893986196078	0.0172057645723691
15-00717	0.121035528461284	0.0731092727561267	0	0	0.366134227903813	0	0.439720970878776	0
15-00734	0.311542405379681	0.0982459624835848	0	0	0.172751726319366	0.198372424976753	0.219087480840614	0
15-00755	0.467907904135364	0.128126741018474	0.164645180332589	0.105662794916905	0.0885729250429611	0.0382595128619639	0	0.00682494169174291
15-00756	0.189413870865008	0.0975518789252568	0.11311122486154	0.0115157059341484	0.119395446348406	0.464771938113778	0	0.00423993495186391
15-00763	0.422382721952143	0.0458511684119766	0.447965731238469	0.0358791628602623	0.0174123206448546	0.0223049180392832	0	0.00820397685301168
15-00766	0.0128291893406714	0.0764994116212026	0.126940932842066	0.0408445266947376	0.495875286247598	0.247010653253725	0	0
15-00767	0.0614630928711011	0.190516897830952	0.282166332622281	0.0655082661114262	0.21709339081083	0.18325201975341	0	0
15-00777	0.128348920707693	0.0318448685317129	0.0316978998390928	0.0626312848851051	0.322144567499691	0.00314107444828711	0.420191384088417	0
15-00786	0.506705473899153	0.198242112177244	0.125110903064451	0.020845246553008	0.0192834533461197	0.0358814529773382	0.0796797916782563	0.0142515663044294
15-00807	0.0628182884260472	0.0352460210776853	0.127776588456615	0.127282374092201	0.525360360401441	0.12151636754601	0	0
15-00811	0.260589762025581	0.280866524773221	0.297266802343996	0.0231111918763416	0.117391555214512	0.0113272605908649	0	0.0094469031754836
15-00813	0.314892420595845	0.0316653478666313	0.221836395329078	0.0287076868008505	0.0756883144846125	0.315528212200935	0	0.0116816227220477
15-00829	0.212080282279044	0.0799253208557777	0.0972520326287231	0.0676609891438637	0.259570708537643	0.0492395068860714	0.189891388282712	0.0443797713861642
15-00837	0.31046613370922	0.0247607232494434	0.46376932035369	0.0194946621723273	0.127415292847421	0.0338292378403754	0.0111982658948433	0.00906636393268025
15-00855	0.155466598112133	0.0416538407456402	0.107132431674204	0.00600362166089908	0.302208504559985	0.382023801881674	0	0.00551120136546417
15-00858	0.480325040974419	0.049441190492175	0.12644720170699	0.0581571570073508	0.189370950106033	0.0917258780436763	0	0.00453258166935611
15-00870	0.18286953354319	0.104238171048886	0.106723377552831	0	0.280786597594124	0.0983830825910879	0.226999237669882	0
15-00872	0.195821190990983	0.0694383477916978	0.0169033158699709	0.0699309464092891	0.195964606268547	0.310628884404523	0.141312708264989	0
15-00874	0.276277496975784	0.0151920535264541	0.624691604695951	0.020329347871246	0.0536883018626755	0.00174032845208263	0.0030776516392367	0.00500321497657003
15-00883	0.57063942513559	0.118963071657342	0.18456242455272	0.00782915570429425	0.064562340274623	0.0267804413148613	0.0198945731721106	0.00676856818845927
15-00892	0.132648651387442	0.0290652147928289	0	0	0.435496934722237	0	0.402789199097492	0
15-00900	0.164197404993213	0.013333419794875	0.303519540109673	0.00268842423028246	0.264152035374561	0	0.239485596857848	0.0126235786395467
15-00903	0.0984174692866439	0.0356110421406056	0.610562800621505	0.0152547285882259	0.206557113334607	0	0.0277498083963614	0.00584703763205137
15-00909	0.147583260956554	0.034008998507691	0.557545640547779	0.0297105136610711	0.156928610852824	0.00268926619790177	0.0640255191046675	0.00750819017151236
15-00912	0.0907780082253055	0.0520851512275331	0.152666924174568	0.0705016982025228	0.218257980578362	0.407955464870092	0	0.00775477272161636
15-00936	0.394490696410704	0.0943967033201452	0.212251445371626	0	0.106052269921884	0.00570847777846424	0.185366642777096	0.00173376442008107
15-00939	0.370185337006193	0.084713185329783	0.462951493915586	0.022793874095368	0.0170906060106346	0.0332913877106014	0	0.00897411593183429
15-00942	0.0212754004431846	0.00142920155213069	0.0383408168671972	0.0536278556856088	0.797474679991622	0.0605662247307102	0	0.0272858207295467
15-00961	0.0332423294889575	0.0371049241177922	0.076040790744097	0	0.473796779007891	0.379815176641263	0	0
15-00965	0.665710426192503	0.0110204556645386	0.0972830621588994	0.00621117476518731	0.0607013532193851	0.123233055558128	0	0.0358404724413584
15-00967	0.223200505398323	0.510244331303926	0.150208348805847	0	0.0189989040127809	0.0197322223590545	0.0677732406662928	0.00984244745377691
15-00974	0.195317002456167	0.107537512956639	0.663021044929422	0.0101301718775823	0.0106663588320242	0.00437793656953872	0	0.00894997237862693
15-00975	0.348502296752735	0.109262118825539	0.223525903129726	0.0133346229010039	0.103074554818291	0.0488548100027407	0.125833295737279	0.0276123978326857
15-00976	0.113582288676793	0.0481605038474971	0.105817967613293	0.0112969941867269	0.352909312025322	0.368232933650367	0	0
15-00979	0.43826845539105	0.134433993237528	0.0156851898153996	0	0.0794805853057489	0.0744851224089608	0.257646653841312	0
15-00990	0.171727383967885	0.0345659850474921	0	0.0443307576897632	0.193152383487067	0.028856554868083	0.52736693493971	0
16-00001	0.365315861541519	0.0644714253826654	0.298704057615167	0.084706449687027	0.130522262386273	0.0508463480064008	0	0.00543359538094794
16-00003	0.342679472293604	0.131727557033757	0.0500822738790072	0.00478892836850553	0.147972789084859	0.309974069304628	0	0.0127749100356394
16-00004	0.166947352360183	0.358108392761245	0.278543467242513	0	0.0461589293724942	0.0919144668957414	0.0389174733501558	0.0194099180176688
16-00007	0.310228884103377	0.198696693362645	0.284578720581386	0.0106078899758404	0.0698638957183484	0	0.101195136912713	0.0248287793456905
16-00010	0.176794329239233	0.0287735434684	0.0640076621483737	0.360162025607912	0.0798117379573809	0.278601233972612	0	0.0118494676060885
16-00027	0.546092784758167	0.131104195527152	0.206390581575478	0.0471504867232326	0.0208354680818187	0.0309377918559301	0	0.017488691478222
16-00031	0.414305051545953	0.11714988669091	0.368682942677647	0.0161522435180573	0.0411061004097322	0.0242486632436578	0	0.0183551119140431
16-00048	0.106302533698916	0.0832760983769559	0.203101273113635	0.0623053501856239	0.41921062236925	0.125804122255619	0	0
16-00056	0.721473167180622	0.100249089284566	0	0.0351204237070232	0.0144715009111923	0.118015932844432	0	0.0106698860721645
16-00067	0.0604009608524542	0.141224103243043	0.0836155676020314	0.0481941721465435	0.620710338316278	0.0352680607900927	0	0.0105867970495574
16-00073	0.238404134580402	0.0658158775010446	0.144387317297305	0.0186311004032363	0.0330706561442858	0.389441201698128	0.0913341317830673	0.0189155805925308
16-00075	0.0763996810608476	0.57042374822539	0.095453278875228	0.00642216400388772	0.0997403810810606	0.151560746753586	0	0
16-00077	0.160026273458643	0.0646055261989337	0.353324433091028	0.0401961540206987	0.262660375970908	0.119187237259789	0	0
16-00078	0.166523066783965	0.0875515198490487	0.0302940035546362	0.0933917439141747	0.52576998582679	0.0749144450914463	0.0165831580058864	0.00497207697405282
16-00088	0.484395512280296	0.0769833574348928	0.195890405454161	0.0924797727231813	0.0223850581448827	0.108937765497096	0	0.0189281284654904
16-00094	0.402977218761627	0.0696781448185709	0.198701474765664	0.0617783296933983	0.0647017834916153	0.117506447693071	0.0760603404975729	0.00859626027848042
16-00102	0.686336863686024	0.0346788554915737	0.102392421022277	0.0623296687477891	0.0289719482658047	0.0560825438393879	0	0.0292076989471429
16-00109	0.572010006659255	0.100740431812135	0.156205918595994	0.0258060520045933	0.0484005707957043	0.0902351011174522	0	0.00660191901486567
16-00113	0.0167208177728057	0.193915058728048	0.0964949535202077	0.0609156122499572	0.367087627599768	0.264865930129214	0	0
16-00115	0.111659155881619	0.0296452129900314	0.130617201183735	0.0145123838935659	0.526136571037355	0.187429475013693	0	0
16-00118	0.333435687535086	0.0438863132275386	0.0423859517377593	0.138588116294683	0.0404021705750648	0.250924178789699	0.136673098060965	0.0137044837792057
16-00139	0.170086023132468	0.102441334723953	0.0267142954812285	0.033128553471001	0.585562446953328	0.0290196749112931	0	0.0530476713267281
16-00145	0.0695651007473436	0.355117881267412	0.202188996479233	0	0.116166309777612	0.256961711728399	0	0
16-00157	0.465591136715376	0.0757050249544158	0	0.111235144742266	0.043282776132948	0.28606196152687	0	0.0181239559281238
16-00217	0.0984420990171105	0.225188867645121	0.163791926269451	0	0.220779429356974	0.256463469507489	0.035036141892418	0.000298066311436379
16-00220	0.587172556424252	0.0763068238868864	0	0.0185740608550769	0.0535516639160025	0.25531910047471	0	0.00907579444307249
16-00226	0.10751938141256	0.0678840734995461	0.335018987417308	0.0297238418282972	0.360140236211893	0.0461352636922172	0.0532264939945369	0.000351721943642043
16-00249	0.183533372455277	0.15284576981161	0.152773068047025	0.00584015652067665	0.26785859578068	0.166803563832306	0.058829120863825	0.0115163526886007
16-00269	0.605631681545596	0.088434368288122	0	0.0132227965657712	0.0136401620232091	0.158546840979213	0.101023409399361	0.0195007411987275
16-00271	0.469486052549103	0.193553388355605	0.129086792613095	0.0120914162083404	0.1146644330429	0.0582237324412489	0	0.0228941847897077
16-00273	0.320256501081663	0.145673956015643	0.336424358289149	0.0133808204220241	0.156851944565634	0.009506435762304	0	0.0179059838635836
16-00278	0.463923619093429	0.217439668668144	0.113537570738187	0.0254522506394859	0.0434259325840378	0.113685730236371	0	0.0225352280403446
16-00289	0.677661211381993	0.0836753988594237	0	0.0522821822977832	0.0544812175734523	0.107436457555766	0	0.0244635323315813
16-00292	0.627291207245993	0.0679249812823267	0	0.111901974332783	0.0323626132851859	0.134259517551776	0	0.0262597063019365
16-00303	0.209172843418598	0.0450236612160617	0	0	0.306597751664874	0.076584955770423	0.362620787930043	0
16-00315	0.310791848950768	0.0155370970718117	0.608929744122167	0.00859330169494722	0.0430419983134958	0	0.00731099359955521	0.00579501624725529
16-00332	0.0369276081048943	0.0783674979795272	0.098756617496953	0.0858824155251581	0.4560376826327	0.244028178260767	0	0
16-00339	0.132886005267273	0.0934869397974242	0.169900626746077	0.0926706741945094	0.314948107894967	0.19610764609975	0	0
16-00344	0.402043523303926	0.2064127835013	0.0083444427699076	0	0.133921098560847	0.237573049489461	0	0.0117051023745592
16-00351	0.296334188659361	0.281752947652818	0.138407287883502	0.0206248565231589	0.0986612409666105	0.110097499929188	0.0526342962060672	0.00148768217929342
16-00354	0.326870985206049	0.0612088866405634	0.201859427151865	0.0877377578435976	0.0946010406268379	0.142309667577447	0.0812763313746836	0.00413590357895719
16-00356	0.0426912815239622	0.050512374456127	0.0380688740137937	0.10404847667069	0.708223769721551	0.0465497272734289	0	0.00990549634044717
16-00358	0.0873591579789521	0.529058185302863	0.0313972372574532	0	0.0560561116749659	0.293992790098403	0	0.00213651768736305
16-00392	0	0.872352291183234	0.0424299077728457	0.0368436366672749	0.0396195423840978	0.00535611897699717	0	0.00339850301555031
16-00459	0.468372611332428	0.0660898145012384	0.357161442259537	0.0506794854586623	0.0260921422680404	0.0196113418517637	0	0.0119931623283301
16-00465	0.273110662207245	0.149613161110387	0.00422787051372975	0	0.103406527594794	0.00993872634960862	0.459703052224236	0
16-00474	0.301055894700628	0.0604962449542704	0.17717599412538	0.0028420566232588	0.0718833270703683	0.262086470190407	0.118940375319532	0.00551963701615521
16-00479	0.0354344351945877	0.0458452594428511	0.163119420603686	0.0585913122168897	0.51433993236518	0.182669640176805	0	0
16-00481	0.184017848940493	0.0821473304032656	0.376955611510759	0.00617800915398452	0.235908998148357	0.0145363554082097	0.0909898941857052	0.00926595224922584
16-00483	0.166046005350852	0.0314682966489326	0.279968747808704	0.0908129972927538	0.261274768720963	0.15200672282482	0	0.0184224613529739
16-00494	0.154375388997694	0.0461531471444283	0	0.10628988430887	0.29691391686308	0.0844232661740827	0.311844396511845	0
16-00504	0.0227128903714041	0.268966997937131	0.0906115371252366	0.0727630480660346	0.272009429416099	0.270317744520751	0	0.00261835256334349
16-00510	0.119256451304771	0.372794173515541	0.341492666973877	0.0516613070277477	0.0752869577952457	0.0360108099136975	0	0.00349763346912042
16-00519	0.635720570268745	0.0884262610790247	0.163244546352112	0.028074022664166	0.000175935501352308	0.0136416443960005	0.065932185004587	0.00478483473401322
16-00525	0.111741153672346	0.171552229409178	0.408374134581936	0.0319417569346507	0.116342113046713	0.144039420867586	0	0.0160091914875897
16-00538	0	0.117597751413704	0.0712222580338167	0.0761567206538569	0.62605433420307	0.0968662438304688	0	0.0121026918650836
16-00540	0.384590012986233	0.160419480438849	0.21623540732043	0.0489990965398195	0.0483968654060754	0.132009573094205	0	0.00934956421438813
16-00541	0	0.148815822302343	0.058762965266623	0.0622608206313645	0.703343160195563	0.0125939325577977	0	0.0142232990463089
16-00547	0.0245724617035367	0.222907361680738	0.0763942245867422	0.0257040178785194	0.588277876551623	0	0.0544795739822482	0.00766448361659301
16-00548	0.0889996857334581	0.00774200805653165	0.145647491820036	0.0305021999836388	0.663276258383618	0	0.0402920425395525	0.0235403134831647
16-00564	0.0480081922490447	0.0534959619804209	0.0679112681578665	0.0114322501606138	0.383842932015187	0.435309395436867	0	0
16-00627	0	0.0463159162729088	0.0842059595150214	0.0637138971645098	0.723778945346938	0.0819852817006219	0	0
16-00699	0.346575274349992	0.0161940917572289	0.112614020659336	0.140192514795064	0.303430508825175	0.0677410378069482	0	0.0132525518062555
16-00701	0.0163961026510561	0.0420256766659462	0.0374029115764399	0	0.72514508951469	0.0285997410382254	0.116509081655205	0.0339213968984371
16-00702	0.0334323522792901	0.25939429288251	0.0733481433048941	0.0666532781919382	0.423214919889176	0.142798240307495	0	0.00115877314469624
16-00705	0.025642195061421	0.44398202806303	0.373665790711817	0.0262861265520171	0.0840636539777592	0.0315093366541163	0	0.014850868979839
16-00708	0.136676638517995	0.0590241467578984	0.454344556178151	0.016041692301359	0.175107106991981	0.154607064318927	0	0.00419879493368911
16-00710	0	0.155500780445584	0.0890884575283371	0.0623249253279291	0.492782101871451	0.197825712772789	0	0.00247802205391031
16-00724	0.0291996384945445	0.0848883732729583	0.206133322030102	0.0817491443042266	0.38456526298938	0.210791108845894	0	0.00267315006289414
16-00731	0.0267672463578934	0.0775917398444341	0.375960821268144	0.072015455998388	0.360567955326328	0.0870967812048123	0	0
16-00733	0.0638592363739217	0.0276459835105541	0.136382753973153	0.0189834804592437	0.683919938230006	0	0.055597344180008	0.0136112632731138
16-00766	0.150522183979613	0.110765294263519	0.287635462678303	0.140168106809968	0.197749562909113	0.109258489132075	0	0.00390090022740882
16-00770	0.210973186129167	0.0958640808054474	0.029485025857212	0.0521757082304118	0.186775240750898	0.398512672285614	0	0.0262140859412501
16-00771	0	0.14874175167799	0.0692372755307058	0.0610847113003631	0.607781129076861	0.105467536192797	0	0.00768759622128338
16-00810	0.171526785623397	0.0818915648660055	0	0.114069434773032	0.1363815979161	0.146871307402919	0.348782519184989	0.000476790233556415
16-00815	0.0453155083508846	0.0362039748695442	0.0258510140531281	0.0504802417605199	0.718154072512959	0.0634039290631809	0.0590509662251559	0.00154029316462794
16-00818	0.198677338723854	0.17310700893419	0.481300271043181	0	0.0930546659934321	0.00754450076506865	0.0463162145402739	0
16-00822	0	0.0788864352936636	0.0853177940425978	0.0595875787507454	0.596910011522376	0.170058370391433	0	0.00923980999918412
16-00831	0.159268163485127	0.0233171454890485	0.331577414597834	0.151325751273463	0.253429041612377	0.00793926907418755	0	0.0731432144679625
16-00836	0.272902130220685	0.0442113390521616	0	0	0.243128151193703	0.0602444633617053	0.379513916171745	0
16-00867	0.703942935441241	0.0778304626749009	0	0.0676538074117992	0.022106836861508	0.111762678690506	0	0.0167032789200448
16-00882	0.0956384903934839	0.0208642424214647	0.245193835421247	0.111240485993889	0.424204845735945	0.10285810003397	0	0
16-00951	0.379922782879911	0.124985068607534	0.117074919003222	0.264695191593329	0.0838323067554402	0.00142509605654813	0.00863658959584826	0.0194280455081664
16-01004	0.152006536543047	0.0506250211617064	0	0.0148812162549718	0	0.593188575382647	0.182195737311302	0.007102913346326
16-01005	0.0761510875624536	0.19179392431157	0.0873362822350561	0.0350221343961942	0.346869501326726	0.262827070168	0	0
16-01010	0.382752417192005	0.137397005352108	0.317380830128992	0.0242945917462946	0.116359867735549	0.0127542837427389	0	0.00906100410231247
16-01017	0.148855574728446	0.035897430768688	0.0915954990757213	0.051067063211544	0.430535386593529	0.0511640330044976	0.177755929464562	0.0131290831530124
16-01049	0.0574328430058309	0.3592709029684	0.0692953114467362	0	0.285899355921396	0.217231161823876	0.01087042483376	0
16-01061	0.458077624670558	0.154469336945756	0.247621613514746	0.0347176112201228	0.0212978158347186	0.0657564036805645	0	0.0180595941335344
16-01093	0.206774871325672	0.367052301014192	0.0910706944752147	0.00838505997397045	0.142671069321932	0.0955332047475074	0.0834986436500877	0.00501415549142444
16-01094	0.0758008002185632	0.279411092355994	0.10818315776428	0.0380186231687941	0.393625047346151	0.102932097136001	0	0.00202918201021714
16-01097	0.309989086811976	0.499381474813088	0.0687436018454616	0.0430778971418056	0.0269262095994187	0.0394032368590161	0.0110010595864503	0.00147743334278326
16-01100	0.191037526987724	0.0888620491012596	0	0	0.114173625237401	0.0917604747066952	0.507453792814241	0.0067125311526796
16-01102	0.0357285124705069	0.0980290674608328	0.142186344586594	0.100810043724485	0.322119947388092	0.301126084369489	0	0
16-01103	0.426641909169761	0.106624751055169	0.213683983995523	0	0.0242019720772146	0.213965433513559	0	0.0148819501887727
16-01109	0.424794904347395	0.0208553114313099	0.464054591870935	0.0341946316571004	0.0367365983760244	0.00208389153004373	0	0.017280070787191
16-01121	0.529229437067924	0.102845817823755	0.240617361075247	0.0468018170718295	0.0279269425996135	0.0402931653504144	0	0.0122854590112172
16-01127	0.397332688983578	0.0664281040882372	0	0	0.109817986575638	0.114754328811768	0.311666891540779	0
16-01138	0.227321617787118	0.0840515855132884	0.375218549876872	0.13237112379635	0.106365285685452	0.05638345682687	0	0.018288380514049
16-01151	0.561413570629591	0.0375004345856907	0	0.0573942065883692	0.0327504507563842	0.273641602337697	0	0.0372997351022688
16-01185	0.480298042099118	0.0760275360641929	0.173988493720852	0.048153020886662	0.0752037322861452	0.138034989815715	0.0014281657066125	0.00686601942070365
16-01191	0.0817312861350893	0.0460324609603993	0.0660407873261635	0.0240813012233621	0.770311627216279	0.0118025371387068	0	0
16-01192	0	0.334280527157716	0.0543825017298138	0.0169778408479951	0.585267831784436	0.00508398464108447	0	0.00400731383895534
16-01201	0.173925574815627	0.0821554687631139	0.520239718908902	0.0685190205237591	0.101343803432603	0.0501137256067086	0	0.00370268794928656
16-01216	0.120301410075713	0.181235919932821	0.168171596651074	0.0484113742953571	0.440616367199386	0.020263079138685	0	0.0210002527069637
16-01219	0.602421457303895	0.190916268415929	0.0980731236830018	0.0786421803318319	0.00668372420891951	0.00224029451818524	0.0137061402467331	0.0073168112915047
16-01223	0.183956918722331	0.0927828419003593	0.66637417385214	0.0294093461396006	0.0237691135951978	0.000201965736809126	0	0.00350564005356254
16-01225	0.723716177246668	0.0637904905327155	0.0757016273074727	0.0775492991450306	0.02418578872421	0.0277115950565239	0	0.00734502198737918
16-01227	0.515096685263333	0.124970366836155	0.20790167015721	0.0183565807788874	0.0230885212674223	0.0951703236022274	0	0.0154158520947646
16-01237	0.177334467504869	0.0392228334796257	0.469297927074795	0.0924520925418449	0.112298407899195	0.0815851802624001	0	0.0278090912372705
16-01254	0.170563949936441	0.112377053059502	0	0.0697698141494997	0.458207740498036	0.188376678098034	0	0.000704764258487725
16-01270	0.423713596582549	0.0430325628342461	0.424267602943599	0.0297750903295203	0.0358336424275612	0.0253334069652554	0.00343628414847901	0.0146078137687899
